{
    "target":{
        "center":[16.117562814594123, 41.03264440053801],
        "ofs":0.1
    },
    "res":10,
    "time_interval":[[2021,12,1], [2022,12,20]],
    "day_skip":5,
    "bands":["rgb"]
}